{
  "logistic_regression": {
    "cv_mean_f1_macro": 0.7999689004402593,
    "cv_std_f1_macro": 0.04833575152074058,
    "cv_scores": [
      0.7694183211424591,
      0.7730158730158729,
      0.8956228956228957,
      0.7723934730261289,
      0.7893939393939394
    ]
  },
  "knn_classifier": {
    "cv_mean_f1_macro": 0.74966830250569,
    "cv_std_f1_macro": 0.06922986366078163,
    "cv_scores": [
      0.6864433811802232,
      0.6760829493087558,
      0.8632543926661573,
      0.787550091897918,
      0.7350106974753959
    ]
  },
  "decision_tree_classifier": {
    "cv_mean_f1_macro": 0.7312881889034412,
    "cv_std_f1_macro": 0.06742565487479833,
    "cv_scores": [
      0.6711729362591431,
      0.7198325970704488,
      0.8035624506212741,
      0.8138888888888888,
      0.6479840716774514
    ]
  },
  "naive_bayes": {
    "cv_mean_f1_macro": 0.7637113875589627,
    "cv_std_f1_macro": 0.038987018756955996,
    "cv_scores": [
      0.7765826026695591,
      0.7000000000000001,
      0.8108747044917258,
      0.7894662424885119,
      0.7416333881450162
    ]
  }
}