{
  "linear_regression": {
    "cv_mean_rmse": 0.7197366695647934,
    "cv_std_rmse": 0.05342696998562501,
    "cv_scores": [
      0.7027925808271082,
      0.6806675384775304,
      0.78387823963563,
      0.7801377192229207,
      0.6512072696607779
    ]
  },
  "ridge_regression": {
    "cv_mean_rmse": 0.7190203935257834,
    "cv_std_rmse": 0.05402594803689343,
    "cv_scores": [
      0.7053285631421743,
      0.683212349401824,
      0.7833434865735945,
      0.7782308859187191,
      0.6449866825926056
    ]
  },
  "knn_regressor": {
    "cv_mean_rmse": 1.4763547959647951,
    "cv_std_rmse": 0.0269937707928462,
    "cv_scores": [
      1.4421285288060963,
      1.4586068145092073,
      1.5223758655062571,
      1.4825895357770869,
      1.4760732352253283
    ]
  },
  "decision_tree_regressor": {
    "cv_mean_rmse": 1.071913967781382,
    "cv_std_rmse": 0.05160035740345266,
    "cv_scores": [
      0.9802441793061561,
      1.0822955501413571,
      1.0841698569288438,
      1.072748381672211,
      1.140111870858343
    ]
  }
}