{
  "linear_regression": {
    "rmse": 0.8414639149730819,
    "mae": 0.6788012472449225,
    "r2": 0.9241001228940396
  },
  "ridge_regression": {
    "rmse": 0.8353091685409856,
    "mae": 0.6727808870931198,
    "r2": 0.9252063760905468
  },
  "knn_regressor": {
    "rmse": 1.4790317057426743,
    "mae": 1.17223727780821,
    "r2": 0.7655096107750267
  },
  "decision_tree_regressor": {
    "rmse": 1.1839189627047721,
    "mae": 0.9564752567693745,
    "r2": 0.8497501549277335
  }
}